Validation Fold,Training Acc,Validation Acc
0,23.18181800842285,41.666666666666664
1,33.181819915771484,8.333333333333334
2,27.727272033691406,33.333333333333336
