Validation Fold,Training Acc,Validation Acc
0,37.35118865966797,47.265625
1,36.279762268066406,48.046875
2,34.59325408935547,45.8984375
3,36.488094329833984,50.0
4,35.390625,45.625
