Validation Fold,Training Acc,Validation Acc
0,65.71649932861328,75.76091751213058
